INSERT INTO OBRA (id,descripcion) VALUES (1,'La famosa obra chiquitita');
INSERT INTO OBRA (id,descripcion) VALUES (2,'Una obra aun mas chiquitita');
INSERT INTO ESTADO_PEDIDO (ID_ESTADO_PEDIDO,estado) VALUES (1,'NUEVO');
INSERT INTO ESTADO_PEDIDO (ID_ESTADO_PEDIDO,estado) VALUES (2,'CONFIRMADO');
INSERT INTO ESTADO_PEDIDO (ID_ESTADO_PEDIDO,estado) VALUES (3,'PENDIENTE');
INSERT INTO ESTADO_PEDIDO (ID_ESTADO_PEDIDO,estado) VALUES (4,'CANCELADO');
INSERT INTO ESTADO_PEDIDO (ID_ESTADO_PEDIDO,estado) VALUES (5,'ACEPTADO');
INSERT INTO ESTADO_PEDIDO (ID_ESTADO_PEDIDO,estado) VALUES (6,'RECHAZADO');
INSERT INTO ESTADO_PEDIDO (ID_ESTADO_PEDIDO,estado) VALUES (7,'EN PREPARACION');
INSERT INTO ESTADO_PEDIDO (ID_ESTADO_PEDIDO,estado) VALUES (8,'ENTREGADO');
INSERT INTO PRODUCTO (ID,DESCRIPCION,PRECIO) VALUES (1,'El primer producto que creo',1.5);
INSERT INTO PRODUCTO (ID,DESCRIPCION,PRECIO) VALUES (2,'El segundo producto que creo',2.5);
INSERT INTO PRODUCTO (ID,DESCRIPCION,PRECIO) VALUES (3,'El tercer producto que creo',3.5);
INSERT INTO PRODUCTO (ID,DESCRIPCION,PRECIO) VALUES (4,'El cuarto producto que creo',4.5);
INSERT INTO PEDIDO (ID_PEDIDO,FECHA_PEDIDO,ID_ESTADO_PEDIDO,ID_OBRA) VALUES (1,'2021-05-27T02:00:45.605Z',1,1);
INSERT INTO PEDIDO (ID_PEDIDO,FECHA_PEDIDO,ID_ESTADO_PEDIDO,ID_OBRA) VALUES (2,'2021-05-27T02:00:45.605Z',1,1);
INSERT INTO PEDIDO (ID_PEDIDO,FECHA_PEDIDO,ID_ESTADO_PEDIDO,ID_OBRA) VALUES (3,'2021-05-27T02:00:45.605Z',1,2);
INSERT INTO PEDIDO (ID_PEDIDO,FECHA_PEDIDO,ID_ESTADO_PEDIDO,ID_OBRA) VALUES (4,'2021-05-27T02:00:45.605Z',4,2);